<?xml version="1.0" encoding="UTF-8" ?>  
<!DOCTYPE mapper PUBLIC "-//ibatis.apache.org//DTD Mapper 3.0//EN"      
 "http://ibatis.apache.org/dtd/ibatis-3-mapper.dtd">
<mapper namespace="com.tedu.cloudnote.dao.NoteDao">
<!-- 动态拼凑in条件 -->
<delete id="deleteNotes">
	delete from cn_note
	where cn_note_id in
	<foreach collection="array" item="id"
	separator="," open="(" close=")">
	#{id}
	</foreach>
</delete>

<!-- 动态更新:动态SQL -->
<update id="dynamicUpdate" 
parameterType="com.tedu.cloudnote.entity.Note">
UPDATE cn_note
<set>
	<if test="cn_notebook_id!=null">
		cn_notebook_id=#{cn_notebook_id},
	</if>
	<if test="cn_note_status_id!=null">
	    cn_note_status_id=#{cn_note_status_id},
	</if>
	<if test="cn_note_title!=null">
	    cn_note_title=#{cn_note_title},
	</if>
	<if test="cn_note_body!=null">
	    cn_note_body=#{cn_note_body},
	</if>
	<if test="cn_note_last_modify_time!=null">
	    cn_note_last_modify_time=#{cn_note_last_modify_time}
	</if>
</set>
WHERE cn_note_id=#{cn_note_id}
</update>

<!-- 组合查询:动态SQL -->
<select id="findNotes" parameterType="map"
resultType="com.tedu.cloudnote.entity.Note">
select * from cn_note 
where cn_user_id=#{userId}
<if test="title!=null">
	 and cn_note_title like #{title}
</if>
<if test="status!=null">
	 and cn_note_status_id=#{status}
</if>
<if test="begin!=null">
	 and cn_note_create_time>=#{begin}
</if>
<if test="end!=null">
	 and cn_note_create_time&lt;#{end}
</if>

</select>

<update id="updateBookId" parameterType="map">
update cn_note
set cn_notebook_id=#{bookId}
where cn_note_id=#{noteId}
</update>

<update id="updateStatus" parameterType="string">
update cn_note
set cn_note_status_id='2'
where cn_note_id=#{id}
</update>

<insert id="save" 
parameterType="com.tedu.cloudnote.entity.Note">
insert into cn_note
	(cn_note_id,cn_notebook_id,
	cn_user_id,cn_note_status_id,
	cn_note_type_id,cn_note_title,
	cn_note_body,cn_note_create_time,
	cn_note_last_modify_time)
values 
   (#{cn_note_id},#{cn_notebook_id},
   #{cn_user_id},#{cn_note_status_id},
   #{cn_note_type_id},#{cn_note_title},
   #{cn_note_body},#{cn_note_create_time},
   #{cn_note_last_modify_time})
</insert>

<update id="update" 
 parameterType="com.tedu.cloudnote.entity.Note">
UPDATE cn_note
SET cn_note_title=#{cn_note_title},
	 cn_note_body=#{cn_note_body},
	 cn_note_last_modify_time=#{cn_note_last_modify_time}
WHERE cn_note_id=#{cn_note_id}
</update>

<select id="findById" parameterType="string"
	resultType="com.tedu.cloudnote.entity.Note">
SELECT 
	*
FROM
 	cn_note 
WHERE
   cn_note_id=#{id}
</select>

<select id="findByBookId" parameterType="string" 
	resultType="map">
SELECT 
	cn_note_id,cn_note_title 
FROM 
	cn_note
WHERE 
	cn_notebook_id=#{bookId}
and cn_note_status_id='1' 
</select>

</mapper>